CO CPR Indie 102.3,https://stream1.cprnetwork.org/cpr3_lo
DC WPFW 89.3,http://www.wpfwfm.org:8000/wpfw_128
INDIA bouxout.FM,https://boxoutfm.out.airtime.pro/boxoutfm_a
CAN CJSF 90.1,https://www.cjsf.ca:8443/listen-hq
CO Hippie Radio 97.5,https://ice9.securenetsystems.net/KWUZFM?playSessionID=B09921A6-A4FC-6523-A1DE81BBA4239F43
MEX UNAM 96.1,http://server1.usatelk.com:27547/stream
PERU Felicidad 88.9,https://18313.live.streamtheworld.com/RADIO_FELICIDAD.mp3?DIST=RPPplayer&TGT=RPPplayer&maxServers=2&ua=RadioTime&ttag=RadioTime
JAM Joint Radio,http://radio.jointil.net:9998//;stream/1
NZ Te Hiku Radio,https://listen.tehiku.radio:8000/te_hiku_fm
RUS Nashe Radio,https://nashe1.hostingradio.ru:18000/nashe20-128.mp3
LA Baton Rouge WHYR 96.9 FM,http://184.154.202.243:8061/;
TEL GalGalatz,http://glzwizzlv.bynetcdn.com/glglz_mp3
